ลำดับ,หมวดหมู่,รายการ,หน่วยนับ,ร้านหลัก,Sup no.,ชื่อใน PO
1,แมคโคร,ขาหมูเลาะขูดขน,กก.,แมคโคร,A-002,
2,แมคโคร,ขาหมูเลาะขูดขนสไลด์,กก.,แมคโคร,A-002,
3,เบทาโกร,ซี่โครงอ่อนหมู,กก.,เบทาโกร,A-001,กระดูกซี่โครงอ่อนหมูหั่น
4,เบทาโกร,ตับหมู,กก.,เบทาโกร,A-001,
5,เบทาโกร,หมูสันคอสไลด์,กก.,เบทาโกร,A-001,
6,เบทาโกร,หมูสามชั้นสไลด์,กก.,เบทาโกร,A-001,
7,เบทาโกร,หมูเนื้อแดงบด,กก.,เบทาโกร,A-001,
8,เบทาโกร,หมูเนื้อแดงสไลด์,กก.,เบทาโกร,A-001,
9,ตลาด,เลือดหมู,ก้อน,ร้านเลือด,M-201,
10,เบทาโกร,ไส้อ่อนหมู,กก.,เบทาโกร,A-001,
11,แมคโคร,น่องไก่ใหญ่,กก.,แมคโคร,A-002,
12,แมคโคร,สะโพกไก่ติดน่อง,กก.,แมคโคร,A-002,
13,เบทาโกร,สะโพกไก่ไม่ติดน่อง,กก.,เบทาโกร,A-001,
14,แมคโคร,อกไก่ (ไม่หั่น),กก.,แมคโคร,A-002,อกไก (ไม่หั่น)
15,แมคโคร,อกไก่ ไม่หั่น,กก.,แมคโคร,A-002,
16,แมคโคร,อกไก่บด,กก.,แมคโคร,A-002,
17,แมคโคร,อกไก่สไลด์,กก.,แมคโคร,A-002,
18,แมคโคร,โคนปีกไก่,กก.,แมคโคร,A-002,
19,แมคโคร,โครงไก่,กก.,แมคโคร,A-002,
20,ตลาด,เอ็นไก่,กก.,ร้านเอ็นไก่,M-202,
21,แมคโคร,กุ้งแช่แข็ง,กก.,แมคโคร,A-002,
22,ตลาด,ปลาซ่อน,กก.,ร้านปลาช่อน,M-203,
23,ตลาด,ปลาทูนึ่ง,แพ็ค,ร้านปลาทู,M-204,
24,ตลาด,ปลาสวาย,กก.,ร้านปลาสวาย,M-205,
25,แมคโคร,ปลาหมึกบั้งสับปะรด,กก.,แมคโคร,A-002,
26,ตลาด,หอยแมลงภู่สดแกะ,กก.,ร้านหอยแมลงภู่,M-206,
27,ตลาด,ไข่เค็ม,ฟอง,ร้านไข่,M-207,
28,ตลาด,ไข่เป็ด,ฟอง,ร้านไข่,M-207,
29,แมคโคร,ไข่ไก่,ฟอง,แมคโคร,A-002,
30,โรงงานทอดมัน,ปลาทอดมันตราจิต,กก.,โรงงานทอดมัน,C-101,
31,โรงงานปุ้มปุ้ย,ปลากระป๋องตราปุ้มปุ๋ย,กระป๋อง,โรงงานปุ้มปุ้ย,C-103,
32,โรงงานบีลัคกี้,ไส้กรอกบีลัคกี้,กก.,โรงงานบีลัคกี้,C-102,
33,โรงงานบีลัคกี้,แฮมบีลัคกี้,กก.,โรงงานบีลัคกี้,C-102,
34,ตลาด,อกไก่ชุปแป้งทอด,กก.,ร้านอกไก่แช่แข็ง,M-208,
35,ตลาด,หมูกระเทียม,แพ็ค,ร้านหมูกระเทียม,M-209,
36,ตลาด,ไก่กระเทียม,แพ็ค,ร้านหมูกระเทียม,M-209,
37,ตลาด,กุนเชียง,กก.,ร้านกุนเชียง,M-210,
38,ตลาด,กุนเชียงปลา,กก.,ร้านกุนเชียง,M-210,
39,ตลาด,กุ้งแห้งฝอยตัวใหญ่,กก.,ร้านกุนเชียง,M-210,
40,ตลาด,นักเก็ตไก่,กก.,ร้านอกไก่แช่แข็ง,M-208,
41,ตลาด,ลูกชิ้นหมู,กก.,ร้านลูกชิ้น,M-211,
42,ตลาด,ลูกชิ้นไก่,กก.,ร้านลูกชิ้น,M-211,
43,ตลาด,ลูกชิ้นกุ้ง,กก.,ร้านลูกชิ้น,M-211,
44,ตลาด,ลูกชิ้นปลาบัวลอย,กก.,ร้านลูกชิ้น,M-211,
45,ตลาด,หมูยอ,กก.,ร้านลูกชิ้น,M-211,
46,ตลาด,ไก่ยอแท่งยาว,กก.,ร้านลูกชิ้น,M-211,
47,ตลาด,ไก่ยอแผ่นใหญ่,กก.,ร้านลูกชิ้น,M-211,
48,ตลาด,เต้าหู้ไข่,หลอด,ร้านลูกชิ้น,M-211,
49,ตลาด,กระเทียมแห้ง,กก.,ร้านแพรพิมพ์,M-302,
50,ตลาด,หอมหัวใหญ่,กก.,ร้านแพรพิมพ์,M-302,
51,ตลาด,หอมแดง,กก.,ร้านแพรพิมพ์,M-302,
52,ตลาด,กระชายฝอย,กก.,ร้านเจ๊เหมียว,M-303,
53,ตลาด,ขิงสด,กก.,ร้านเจ๊เหมียว,M-303,
54,ตลาด,ข่า,กก.,ร้านเจ๊เหมียว,M-303,
55,ตลาด,ตะไคร้,กก.,ร้านเจ๊เหมียว,M-303,
56,ตลาด,ผลมะกรูด,กก.,ร้านเจ๊เหมียว,M-303,
57,ตลาด,พริกไทยอ่อน,กก.,ร้านเจ๊เหมียว,M-303,
58,ตลาด,ใบเตย,กก.,ร้านใบเตย,M-330,
59,ตลาด,คืนช่าย,กก.,ร้านต้นหอมผักชี,M-304,
60,ตลาด,ต้นหอม,กก.,ร้านต้นหอมผักชี,M-304,
61,ตลาด,ผักชี,กก.,ร้านต้นหอมผักชี,M-304,
62,ตลาด,ผักชีฝรั่ง,กก.,ร้านต้นหอมผักชี,M-304,
63,ตลาด,ผักชีลาว,กก.,ร้านต้นหอมผักชี,M-304,
64,ตลาด,ใบกะเพรา,กก.,ร้านต้นหอมผักชี,M-304,
65,ตลาด,ใบสะระแหน่,กก.,ร้านต้นหอมผักชี,M-304,
66,ตลาด,ใบโหระพา,กก.,ร้านต้นหอมผักชี,M-304,
67,ตลาด,พริกมัน,กก.,ร้านพริก,M-312,
68,ตลาด,พริกมันแดง,กก.,ร้านพริก,M-312,
69,ตลาด,พริกอ่อน,กก.,ร้านพริก,M-312,
70,ตลาด,พริกเหลือง,กก.,ร้านพริก,M-312,
71,ตลาด,พริกแดงจินดา,กก.,ร้านพริก,M-312,
72,ตลาด,พริกหวานเขียว,กก.,ร้านพริกหวาน,M-313,
73,ตลาด,พริกหวานเหลือง,กก.,ร้านพริกหวาน,M-313,
74,ตลาด,พริกหวานแดง,กก.,ร้านพริกหวาน,M-313,
75,ตลาด,ผักกาดขาว,กก.,เฮียณุ ผักเมืองหนาว,M-301,
76,ตลาด,หัวผักกาดสด,กก.,เฮียณุ ผักเมืองหนาว,M-301,
77,ตลาด,กะหล่ำปลี,กก.,เฮียณุ ผักเมืองหนาว,M-301,
78,ตลาด,แครอท,กก.,เฮียณุ ผักเมืองหนาว,M-301,
79,ตลาด,เห็ดออรินจิ,กก.,เฮียณุ ผักเมืองหนาว,M-301,
80,ตลาด,ดอกบล็อคโคลี,กก.,เฮียณุ ผักเมืองหนาว,M-301,
81,ตลาด,ผักกาดหอม,กก.,เฮียณุ ผักเมืองหนาว,M-301,
82,ตลาด,ผักกวางตุ้ง,กก.,ร้านกวางตุ้ง,M-307,
83,ตลาด,ยอดคะน้า,กก.,ร้านคะน้า,M-308,
84,ตลาด,ผักบุ้งจีน,กก.,ร้านผักบุ้ง,M-309,
85,ตลาด,ผักบุ้งไทย,กก.,ร้านผักบุ้ง,M-309,
86,ตลาด,มันฝรั่ง,กก.,ร้านเบิร์ดมะเขือเทศ,M-305,
87,ตลาด,มะเขือเทศ,กก.,ร้านเบิร์ดมะเขือเทศ,M-305,มันเทศ
88,ตลาด,แห้ว,กก.,ร้านแห้ว,M-318,
89,ตลาด,ข้าวโพดดิบแกะ,กก.,ร้านข้าวโพด,M-329,
90,ตลาด,ข้าวโพดอ่อน,กก.,ร้านลุงนม,M-306,
91,ตลาด,คอมะพร้าวหั่น,กก.,ร้านลุงนม,M-306,
92,ตลาด,มะเขือพวง,กก.,ร้านมะเขือ,M-310,
93,ตลาด,มะเขือยาว,กก.,ร้านมะเขือ,M-310,
94,ตลาด,มะเขือเปราะ,กก.,ร้านมะเขือ,M-310,
95,ตลาด,ถั่วฝักยาว,กก.,ร้านถั่วฝักยาว,M-311,
96,ตลาด,แตงร้าน,กก.,ร้านแตง,M-314,
97,ตลาด,แตงกวา,กก.,ร้านแตง,M-314,
98,ตลาด,บวบ,กก.,ร้านบวบ,M-316,
99,ตลาด,ฟักทอง,กก.,ร้านฟักทอง,M-315,
100,ตลาด,ฟักแก่,กก.,ร้านฟัก,M-317,
101,ตลาด,ถั่วงอก,กก.,ร้านลูกชิ้น,M-211,
102,ตลาด,แตงโม,กก.,ร้านแตงโม,M-402,แตงไทย
103,ตลาด,กล้วยน้ำว้า,ลูก,ร้านกล้วยน้ำว้า,M-403,
104,ตลาด,กล้วยหอม,ลูก,ร้านกล้วยหอม,M-404,
105,ตลาด,ฝรั่ง,กก.,ร้านฝรั่ง,M-405,
106,ตลาด,มะม่วงเขียวเสวย,กก.,ร้านมะม่วง,M-406,
107,ตลาด,มะม่วงเปรี้ยว,กก.,ร้านมะม่วง,M-406,
108,ตลาด,มะละกอดิบ,กก.,ร้านมะละกอ,M-407,
109,ตลาด,มะละกอสุก,กก.,ร้านมะละกอ,M-407,
110,ตลาด,สับปะรดหวาน,กก.,ร้านสับปะรด,M-401,
111,ตลาด,สับปะรดแกง,กก.,ร้านสับปะรด,M-401,
112,ตลาด,ส้มเขียวหวาน,กก.,ร้านส้ม,M-408,
113,ตลาด,แก้วมังกร,กก.,ร้านแก้วมังกร,M-409,
114,ตลาด,แคนตาลูป,กก.,ร้านแคนตาลูป,M-410,
115,ตลาด,พริกแห้งเม็ดใหญ่,กก.,ร้านพริกแกง,M-601,
116,ตลาด,พริกขี้หนูแห้ง,กก.,ร้านพริกแกง,M-601,
117,ตลาด,พริกขี้หนูป่น,กก.,ร้านพริกแกง,M-601,
118,ตลาด,น้ำพริกเผา,กก.,ร้านพริกแกง,M-601,
119,ตลาด,น้ำมันพริกเผา,ขวด,ร้านพริกแกง,M-601,
120,ตลาด,กะปิ,กก.,ร้านพริกแกง,M-601,
121,ตลาด,พริกแกงคั่ว,กก.,ร้านพริกแกง,M-601,
122,ตลาด,พริกแกงพะแนง,กก.,ร้านพริกแกง,M-601,
123,ตลาด,พริกแกงมัสมั่น,กก.,ร้านพริกแกง,M-601,
124,ตลาด,พริกแกงเขียวหวาน,กก.,ร้านพริกแกง,M-601,
125,ตลาด,พริกแกงเผ็ด,กก.,ร้านพริกแกง,M-601,
126,ตลาด,ผักกาดดอง,กก.,ร้านพริกแกง,M-601,
127,ตลาด,หน่อไม้ดอง,กก.,ร้านพริกแกง,M-601,
128,ตลาด,หน่อไม้ไผ่ดงปี๊บหั่น,กก.,ร้านพริกแกง,M-601,หน่อไม่ไผ่ตงปี๊บหั่น
129,ตลาด,มะขามเปียก,กก.,ร้านแพรพิมพ์,M-302,
130,ตลาด,น้ำปลาร้าแม่บุญล้ำ ฝาเหลือง,ขวด,ร้านพริกแกง,M-601,
131,ตลาด,กะทิ,กก.,ร้านชำ,M-602,
132,ตลาด,ซ่าหริ่ม,กก.,ร้านหวานเย็น เจ๊ต่อ,M-501,
133,ตลาด,ลอดช่องสิงคโปร์,กก.,ร้านหวานเย็น เจ๊ต่อ,M-501,
134,ตลาด,ลอดช่องไทย,กก.,ร้านหวานเย็น เจ๊ต่อ,M-501,
135,ตลาด,ลูกชิด,กก.,ร้านหวานเย็น เจ๊ต่อ,M-501,
136,ตลาด,วุ้นมะพร้าวขาว/เขียว,กก.,ร้านหวานเย็น เจ๊ต่อ,M-501,
137,ตลาด,เฉาก๊วย,กก.,ร้านหวานเย็น เจ๊ต่อ,M-501,
138,ตลาด,แป้งครองแครงปั้นสำเร็จรูป,กก.,ร้านหวานเย็น เจ๊ต่อ,M-501,
139,ตลาด,แป้งทับทิมกรอบสำเร็จรูป,กก.,ร้านหวานเย็น เจ๊ต่อ,M-501,
140,ตลาด,น้ำหวานเฮลบลูบอยแดง,ขวด,ร้านหน้าตลาด,M-604,
141,ตลาด,หนำเลี้ยบ,กก.,ตลาดไทย,M-605,
142,ตลาด,เห็ดหอม,กก.,ร้านชำ,M-602,
143,ตลาด,สาหร่ายทะเล,กก.,ร้านชำ,M-602,
144,ตลาด,ตั้งฉ่าย,ซอง,ร้านชำ,M-602,
145,ตลาด,ข้าวคั่วบด,กก.,ร้านชำ,M-602,
146,ตลาด,คนอร์ (รสไก่),ถุง,ร้านชำ,M-602,
147,ตลาด,ซีอิ๊วดำ,ขวด,ร้านชำ,M-602,
148,ตลาด,ซอสแดง,ขวด,ร้านชำ,M-602,
149,ตลาด,น้ำตาลปี๊บ,กก.,ร้านชำ POP,M-603,
150,ตลาด,เต้าเจี้ยวจีนตราเด็กสมบูรณ์,ขวด,ร้านชำ,M-602,
151,ตลาด,น้ำมะนาว,ขวด,ร้านชำ,M-602,
152,ตลาด,น้ำส้มสายชูอสร.,ขวด,แมคโคร S,S-002,
153,ตลาด,น้ำมันพืช,ปี๊บ,ร้านชำ POP,M-603,
154,ตลาด,ผงชูรส,ห่อ,ร้านชำ,M-602,
155,ตลาด,ผงขมิ้น,กก.,ร้านชำ,M-602,
156,ตลาด,ผงพะโล้,กก.,ร้านชำ,M-602,
157,ตลาด,ผงหมักหมูแดง,ซอง,ร้านชำ,M-602,
158,ตลาด,น้ำปลาซอง,แพ็ค,ร้านชำ,M-602,
159,ตลาด,พริกน้ำส้ม,แพ็ค,ร้านชำ,M-602,
160,ตลาด,พริกป่น - น้ำตาลทราย,แพ็ค,ร้านชำ,M-602,
161,ตลาด,ข้าวเหนียวขาว,กก.,ร้านข้าวเหนียว,M-606,
162,ตลาด,ข้าวเหนียวดำ,กก.,ร้านข้าวเหนียว,M-606,
163,ตลาด,บะหมี่เหลือง,ก้อน,ร้านลูกชิ้น,M-211,
164,ตลาด,มาม่ากึ่งสำเร็จรูป,กก.,ร้านชำ,M-602,
165,ตลาด,เส้นมักกะโรนีข้องอ,กก.,ร้านชำ,M-602,
166,ตลาด,เส้นสปาเก็ตตี้,กก.,ร้านชำ,M-602,
167,ตลาด,เส้นหมี่,กก.,ร้านโฟม,X-999,
168,ตลาด,แป้งข้าวเจ้า,กก.,ร้านชำ,M-602,
169,ตลาด,แป้งข้าวโพด,กก.,ร้านชำ,M-602,
170,ตลาด,แป้งทอดกรอบ UFM,กก.,ร้านชำ,M-602,
171,ตลาด,แป้งท้าวยายม่อม,กก.,ร้านชำ,M-602,
172,ตลาด,แป้งมัน,กก.,ร้านชำ,M-602,
173,ตลาด,ถั่วลิสงคั่วแบบเม็ด,กก.,ร้านชำ,M-602,
174,ตลาด,ถั่วเขียว,กก.,ร้านชำ,M-602,
175,ตลาด,ถั่วแดง,กก.,ร้านชำ,M-602,
176,ตลาด,เม็ดมะม่วงหิมพานต์,กก.,ร้านชำ,M-602,
177,ตลาด,งาขาวคั่ว,กก.,ร้านชำ,M-602,
178,ตลาด,ผงวุ้น,ซอง,ร้านชำ,M-602,
179,ตลาด,น้ำก๋วยเดี๋ยวน้ำใส-ฟ้าไทย,ซอง,ร้านชำ,M-602,
180,ตลาด,มาการีน Best Foods,กก.,ร้านหน้าตลาด,M-604,
181,ตลาด,คอฟฟี่เมท,กก.,ร้านหน้าตลาด,M-604,
182,ตลาด,นมข้นตรามะลิ,กระป๋อง,ร้านหน้าตลาด,M-604,
183,ตลาด,นมสดคาร์เนชั่น,กระป๋อง,ร้านหน้าตลาด,M-604,
184,แมคโคร,เนสกาแฟ,ถุง,แมคโคร,A-002,
185,แมคโคร,ซอสพริก,กล.,แมคโคร,A-002,
186,แมคโคร,ซอสมะเขือเทศ,กล.,แมคโคร,A-002,
187,แมคโคร,ซอสเทอริยากิ,กล.,แมคโคร,A-002,
188,แมคโคร,น้ำปลาทิพรส,กล.,แมคโคร,A-002,
189,แมคโคร,น้ำมันหอย,กล.,แมคโคร S,S-002,
190,แมคโคร,น้ำตาลทราย,กก.,แมคโคร S,S-002,
191,แมคโคร,วุ้นเส้น,กก.,แมคโคร,A-002,
192,แมคโคร,ขนมปังสไลด์ฟาร์มเฮาส์,แถว,แมคโคร,A-002,
193,แม่ประนอม,น้ำจิ้มไก่ตราแม่ประนอม,แพ็ค,แม่ประนอม S,S-104,
194,ง่วนเชียง,ซอสปรุงรสตราง่วนเชียง,กล.,ง่วนเชียง S,S-105,
195,ง่วนเชียง,ซีอิ๊วขาวง่วนเชียง,กล.,ง่วนเชียง S,S-105,
196,รวมรส,น้ำปลาแกงตรารวมรส,กล.,รวมรส S,S-106,
197,ปรุงทิพย์,เกลือป่น,กก.,ปรุงทิพย์ S,S-107,
198,ตลาด,กล่องโฟม,ร้อยละ,ร้านโฟม,X-999,
199,ตลาด,ช้อนพลาสติก,ร้อยละ,ร้านโฟม,X-999,
200,ตลาด,ถุงนิ้ว 15*30,แพ็ค,ร้านโฟม,X-999,
201,ตลาด,ถุงร้อน 4.5*7,แพ็ค,ร้านโฟม,X-999,
202,ตลาด,ถุงร้อน 4.5x7,แพ็ค,ร้านโฟม,X-999,
203,ตลาด,ถุงร้อน 6*9,แพ็ค,ร้านโฟม,X-999,
204,ตลาด,ถุงหิ้ว 15x30,แพ็ค,ร้านโฟม,X-999,
205,ตลาด,ถุงหิ้ว15*30,แพ็ค,ร้านโฟม,X-999,
206,ตลาด,สีผสมอาหารวินเนอร์-เหลือง,ขวด,ร้านสีผสมอาหาร,X-999,
207,ตลาด,ปลาหมึกกล้วยแห้ง,กก.,ร้านกุนเชียง,M-210,
208,ตลาด,น้ำพริกแกงเลียง,กก.,ร้านพริกแกง,M-601,
209,แมคโคร,ปลานิลแช่แข็ง,กก.,แมคโคร,A-002,
210,ตลาด,ปูนแดง,กก.,ร้านเฮียขาว,M-607,
211,ตลาด,พริกแกงแกงกะหรี่,กก.,ร้านพริกแกง,M-601,
212,ตลาด,เม็ดแมงลัก,กก.,ร้านชำ,M-602,
213,ตลาด,ใบแมงลัก,กก.,ร้านใบแมงลัก,M-331,
